Gene_ID,Category
EVM0000009,Symbiotic_specific_UP
EVM0000010,Symbiotic_specific_UP
EVM0000011,Symbiotic_specific_UP
EVM0000033,Symbiotic_specific_UP
EVM0000061,Symbiotic_specific_UP
EVM0000110,Symbiotic_specific_UP
EVM0000112,Symbiotic_specific_UP
EVM0000121,Symbiotic_specific_UP
EVM0000192,Symbiotic_specific_UP
EVM0000240,Symbiotic_specific_UP
EVM0000243,Symbiotic_specific_UP
EVM0000265,Symbiotic_specific_UP
EVM0000267,Symbiotic_specific_UP
EVM0000294,Symbiotic_specific_UP
EVM0000297,Symbiotic_specific_UP
EVM0000306,Symbiotic_specific_UP
EVM0000380,Symbiotic_specific_UP
EVM0000461,Symbiotic_specific_UP
EVM0000464,NonSymbiotic_specific_DOWN
EVM0000477,Symbiotic_specific_UP
EVM0000486,Symbiotic_specific_UP
EVM0000508,Symbiotic_specific_UP
EVM0000541,Symbiotic_specific_UP
EVM0000549,Symbiotic_specific_UP
EVM0000563,Symbiotic_specific_UP
EVM0000615,Symbiotic_specific_UP
EVM0000636,Symbiotic_specific_UP
EVM0000658,NonSymbiotic_specific_DOWN
EVM0000664,Symbiotic_specific_UP
EVM0000666,Symbiotic_specific_UP
EVM0000695,NonSymbiotic_specific_DOWN
EVM0000712,Symbiotic_specific_UP
EVM0000731,Symbiotic_specific_UP
EVM0000766,Symbiotic_specific_UP
EVM0000790,Symbiotic_specific_UP
EVM0000792,Symbiotic_specific_UP
EVM0000793,Symbiotic_specific_UP
EVM0000796,Symbiotic_specific_UP
EVM0000854,NonSymbiotic_specific_DOWN
EVM0000863,Symbiotic_specific_UP
EVM0000876,Symbiotic_specific_UP
EVM0000881,Symbiotic_specific_UP
EVM0000882,Symbiotic_specific_UP
EVM0000926,Symbiotic_specific_UP
EVM0000929,NonSymbiotic_specific_DOWN
EVM0000937,Symbiotic_specific_UP
EVM0000988,Symbiotic_specific_UP
EVM0001017,Symbiotic_specific_UP
EVM0001029,Symbiotic_specific_UP
EVM0001073,Symbiotic_specific_UP
EVM0001075,Symbiotic_specific_UP
EVM0001081,NonSymbiotic_specific_DOWN
EVM0001102,NonSymbiotic_specific_DOWN
EVM0001103,Symbiotic_specific_UP
EVM0001110,Symbiotic_specific_UP
EVM0001125,Symbiotic_specific_UP
EVM0001151,Symbiotic_specific_UP
EVM0001154,Symbiotic_specific_UP
EVM0001166,NonSymbiotic_specific_DOWN
EVM0001176,Symbiotic_specific_UP
EVM0001185,Symbiotic_specific_UP
EVM0001217,Symbiotic_specific_UP
EVM0001229,Symbiotic_specific_UP
EVM0001383,Symbiotic_specific_UP
EVM0001386,Symbiotic_specific_UP
EVM0001393,Symbiotic_specific_UP
EVM0001402,Symbiotic_specific_UP
EVM0001412,NonSymbiotic_specific_DOWN
EVM0001418,NonSymbiotic_specific_DOWN
EVM0001421,Symbiotic_specific_UP
EVM0001524,Symbiotic_specific_UP
EVM0001548,Symbiotic_specific_UP
EVM0001550,Symbiotic_specific_UP
EVM0001582,Symbiotic_specific_UP
EVM0001643,Symbiotic_specific_UP
EVM0001649,Symbiotic_specific_UP
EVM0001709,Symbiotic_specific_UP
EVM0001836,Symbiotic_specific_UP
EVM0001848,Symbiotic_specific_UP
EVM0001894,NonSymbiotic_specific_DOWN
EVM0001908,Symbiotic_specific_UP
EVM0001933,Symbiotic_specific_UP
EVM0001937,Symbiotic_specific_UP
EVM0001939,NonSymbiotic_specific_DOWN
EVM0001979,Symbiotic_specific_UP
EVM0002014,Symbiotic_specific_UP
EVM0002020,Symbiotic_specific_UP
EVM0002033,Symbiotic_specific_UP
EVM0002075,Symbiotic_specific_UP
EVM0002101,Symbiotic_specific_UP
EVM0002119,Symbiotic_specific_UP
EVM0002137,Symbiotic_specific_UP
EVM0002138,Symbiotic_specific_UP
EVM0002208,Symbiotic_specific_UP
EVM0002212,Symbiotic_specific_UP
EVM0002245,NonSymbiotic_specific_DOWN
EVM0002253,NonSymbiotic_specific_DOWN
EVM0002283,Symbiotic_specific_UP
EVM0002286,Symbiotic_specific_UP
EVM0002316,Symbiotic_specific_UP
EVM0002351,Symbiotic_specific_UP
EVM0002364,Symbiotic_specific_UP
EVM0002381,Symbiotic_specific_UP
EVM0002385,Symbiotic_specific_UP
EVM0002389,Symbiotic_specific_UP
EVM0002434,Symbiotic_specific_UP
EVM0002468,Symbiotic_specific_UP
EVM0002479,Symbiotic_specific_UP
EVM0002511,NonSymbiotic_specific_DOWN
EVM0002514,Symbiotic_specific_UP
EVM0002524,Symbiotic_specific_UP
EVM0002528,NonSymbiotic_specific_DOWN
EVM0002531,Symbiotic_specific_UP
EVM0002532,Symbiotic_specific_UP
EVM0002544,Symbiotic_specific_UP
EVM0002580,Symbiotic_specific_UP
EVM0002598,Symbiotic_specific_UP
EVM0002669,Symbiotic_specific_UP
EVM0002672,Symbiotic_specific_UP
EVM0002679,Symbiotic_specific_UP
EVM0002721,Symbiotic_specific_UP
EVM0002736,Symbiotic_specific_UP
EVM0002780,Symbiotic_specific_UP
EVM0002785,Symbiotic_specific_UP
EVM0002795,Symbiotic_specific_UP
EVM0002796,NonSymbiotic_specific_DOWN
EVM0002807,Symbiotic_specific_UP
EVM0002812,Symbiotic_specific_UP
EVM0002853,Symbiotic_specific_UP
EVM0002875,Symbiotic_specific_UP
EVM0002896,Symbiotic_specific_UP
EVM0002907,Symbiotic_specific_UP
EVM0002922,Symbiotic_specific_UP
EVM0002929,Symbiotic_specific_UP
EVM0002930,Symbiotic_specific_UP
EVM0003019,Symbiotic_specific_UP
EVM0003022,Symbiotic_specific_UP
EVM0003027,Symbiotic_specific_UP
EVM0003028,NonSymbiotic_specific_DOWN
EVM0003035,Symbiotic_specific_UP
EVM0003062,Symbiotic_specific_UP
EVM0003072,Symbiotic_specific_UP
EVM0003086,NonSymbiotic_specific_DOWN
EVM0003147,Symbiotic_specific_UP
EVM0003153,Symbiotic_specific_UP
EVM0003165,Symbiotic_specific_UP
EVM0003197,NonSymbiotic_specific_DOWN
EVM0003225,Symbiotic_specific_UP
EVM0003236,Symbiotic_specific_UP
EVM0003241,Symbiotic_specific_UP
EVM0003256,NonSymbiotic_specific_DOWN
EVM0003272,Symbiotic_specific_UP
EVM0003294,Symbiotic_specific_UP
EVM0003309,NonSymbiotic_specific_DOWN
EVM0003342,Symbiotic_specific_UP
EVM0003348,NonSymbiotic_specific_DOWN
EVM0003389,Symbiotic_specific_UP
EVM0003428,Symbiotic_specific_UP
EVM0003450,Symbiotic_specific_UP
EVM0003470,Symbiotic_specific_UP
EVM0003525,Symbiotic_specific_UP
EVM0003528,Symbiotic_specific_UP
EVM0003534,Symbiotic_specific_UP
EVM0003552,NonSymbiotic_specific_DOWN
EVM0003581,Symbiotic_specific_UP
EVM0003585,Symbiotic_specific_UP
EVM0003598,Symbiotic_specific_UP
EVM0003634,Symbiotic_specific_UP
EVM0003687,Symbiotic_specific_UP
EVM0003694,NonSymbiotic_specific_DOWN
EVM0003735,Symbiotic_specific_UP
EVM0003741,NonSymbiotic_specific_DOWN
EVM0003762,Symbiotic_specific_UP
EVM0003766,Symbiotic_specific_UP
EVM0003801,Symbiotic_specific_UP
EVM0003816,Symbiotic_specific_UP
EVM0003824,Symbiotic_specific_UP
EVM0003847,Symbiotic_specific_UP
EVM0003856,Symbiotic_specific_UP
EVM0003861,Symbiotic_specific_UP
EVM0003868,Symbiotic_specific_UP
EVM0003871,Symbiotic_specific_UP
EVM0003876,Symbiotic_specific_UP
EVM0003902,Symbiotic_specific_UP
EVM0003996,Symbiotic_specific_UP
EVM0004014,Symbiotic_specific_UP
EVM0004027,Symbiotic_specific_UP
EVM0004074,Symbiotic_specific_UP
EVM0004095,Symbiotic_specific_UP
EVM0004111,Symbiotic_specific_UP
EVM0004115,Symbiotic_specific_UP
EVM0004137,Symbiotic_specific_UP
EVM0004152,Symbiotic_specific_UP
EVM0004158,Symbiotic_specific_UP
EVM0004167,Symbiotic_specific_UP
EVM0004194,Symbiotic_specific_UP
EVM0004286,Symbiotic_specific_UP
EVM0004288,Symbiotic_specific_UP
EVM0004319,Symbiotic_specific_UP
EVM0004325,Symbiotic_specific_UP
EVM0004376,Symbiotic_specific_UP
EVM0004424,Symbiotic_specific_UP
EVM0004484,Symbiotic_specific_UP
EVM0004488,NonSymbiotic_specific_DOWN
EVM0004519,Symbiotic_specific_UP
EVM0004547,Symbiotic_specific_UP
EVM0004619,Symbiotic_specific_UP
EVM0004625,Symbiotic_specific_UP
EVM0004676,Symbiotic_specific_UP
EVM0004709,NonSymbiotic_specific_DOWN
EVM0004729,NonSymbiotic_specific_DOWN
EVM0004740,Symbiotic_specific_UP
EVM0004762,Symbiotic_specific_UP
EVM0004766,Symbiotic_specific_UP
EVM0004770,NonSymbiotic_specific_DOWN
EVM0004820,Symbiotic_specific_UP
EVM0004833,Symbiotic_specific_UP
EVM0004888,Symbiotic_specific_UP
EVM0004900,Symbiotic_specific_UP
EVM0004917,Symbiotic_specific_UP
EVM0004939,Symbiotic_specific_UP
EVM0004945,Symbiotic_specific_UP
EVM0004947,Symbiotic_specific_UP
EVM0004958,Symbiotic_specific_UP
EVM0004963,Symbiotic_specific_UP
EVM0004982,Symbiotic_specific_UP
EVM0005013,NonSymbiotic_specific_DOWN
EVM0005016,Symbiotic_specific_UP
EVM0005021,Symbiotic_specific_UP
EVM0005057,Symbiotic_specific_UP
EVM0005058,Symbiotic_specific_UP
EVM0005064,Symbiotic_specific_UP
EVM0005070,Symbiotic_specific_UP
EVM0005087,NonSymbiotic_specific_DOWN
EVM0005088,Symbiotic_specific_UP
EVM0005111,Symbiotic_specific_UP
EVM0005120,Symbiotic_specific_UP
EVM0005123,Symbiotic_specific_UP
EVM0005129,Symbiotic_specific_UP
EVM0005144,NonSymbiotic_specific_DOWN
EVM0005159,Symbiotic_specific_UP
EVM0005183,Symbiotic_specific_UP
EVM0005186,Symbiotic_specific_UP
EVM0005193,Symbiotic_specific_UP
EVM0005197,Symbiotic_specific_UP
EVM0005223,Symbiotic_specific_UP
EVM0005257,Symbiotic_specific_UP
EVM0005278,NonSymbiotic_specific_DOWN
EVM0005284,Symbiotic_specific_UP
EVM0005334,Symbiotic_specific_UP
EVM0005344,Symbiotic_specific_UP
EVM0005364,Symbiotic_specific_UP
EVM0005365,Symbiotic_specific_UP
EVM0005376,NonSymbiotic_specific_DOWN
EVM0005385,Symbiotic_specific_UP
EVM0005416,Symbiotic_specific_UP
EVM0005441,Symbiotic_specific_UP
EVM0005442,Symbiotic_specific_UP
EVM0005460,Symbiotic_specific_UP
EVM0005471,Symbiotic_specific_UP
EVM0005472,NonSymbiotic_specific_DOWN
EVM0005500,Symbiotic_specific_UP
EVM0005506,NonSymbiotic_specific_DOWN
EVM0005557,Symbiotic_specific_UP
EVM0005561,Symbiotic_specific_UP
EVM0005620,Symbiotic_specific_UP
EVM0005636,Symbiotic_specific_UP
EVM0005697,Symbiotic_specific_UP
EVM0005706,NonSymbiotic_specific_DOWN
EVM0005721,Symbiotic_specific_UP
EVM0005724,Symbiotic_specific_UP
EVM0005725,Symbiotic_specific_UP
EVM0005762,Symbiotic_specific_UP
EVM0005786,NonSymbiotic_specific_DOWN
EVM0005787,Symbiotic_specific_UP
EVM0005798,NonSymbiotic_specific_DOWN
EVM0005806,Symbiotic_specific_UP
EVM0005854,Symbiotic_specific_UP
EVM0005876,Symbiotic_specific_UP
EVM0005909,Symbiotic_specific_UP
EVM0005924,Symbiotic_specific_UP
EVM0005981,Symbiotic_specific_UP
EVM0006000,Symbiotic_specific_UP
EVM0006082,Symbiotic_specific_UP
EVM0006085,Symbiotic_specific_UP
EVM0006107,Symbiotic_specific_UP
EVM0006148,NonSymbiotic_specific_DOWN
EVM0006156,Symbiotic_specific_UP
EVM0006163,Symbiotic_specific_UP
EVM0006166,Symbiotic_specific_UP
EVM0006218,Symbiotic_specific_UP
EVM0006220,Symbiotic_specific_UP
EVM0006260,Symbiotic_specific_UP
EVM0006272,Symbiotic_specific_UP
EVM0006293,Symbiotic_specific_UP
EVM0006305,Symbiotic_specific_UP
EVM0006321,Symbiotic_specific_UP
EVM0006328,Symbiotic_specific_UP
EVM0006331,Symbiotic_specific_UP
EVM0006335,Symbiotic_specific_UP
EVM0006421,NonSymbiotic_specific_DOWN
EVM0006431,Symbiotic_specific_UP
EVM0006460,Symbiotic_specific_UP
EVM0006491,Symbiotic_specific_UP
EVM0006518,Symbiotic_specific_UP
EVM0006527,Symbiotic_specific_UP
EVM0006540,Symbiotic_specific_UP
EVM0006587,Symbiotic_specific_UP
EVM0006610,Symbiotic_specific_UP
EVM0006619,NonSymbiotic_specific_DOWN
EVM0006643,Symbiotic_specific_UP
EVM0006690,Symbiotic_specific_UP
EVM0006695,Symbiotic_specific_UP
EVM0006732,Symbiotic_specific_UP
EVM0006739,Symbiotic_specific_UP
EVM0006752,Symbiotic_specific_UP
EVM0006772,Symbiotic_specific_UP
EVM0006787,Symbiotic_specific_UP
EVM0006799,Symbiotic_specific_UP
EVM0006827,Symbiotic_specific_UP
EVM0006838,NonSymbiotic_specific_DOWN
EVM0006852,Symbiotic_specific_UP
EVM0006893,NonSymbiotic_specific_DOWN
EVM0006898,Symbiotic_specific_UP
EVM0006948,Symbiotic_specific_UP
EVM0006970,Symbiotic_specific_UP
EVM0006989,Symbiotic_specific_UP
EVM0007009,Symbiotic_specific_UP
EVM0007023,NonSymbiotic_specific_DOWN
EVM0007042,Symbiotic_specific_UP
EVM0007072,Symbiotic_specific_UP
EVM0007090,Symbiotic_specific_UP
EVM0007138,Symbiotic_specific_UP
EVM0007145,NonSymbiotic_specific_DOWN
EVM0007150,NonSymbiotic_specific_DOWN
EVM0007157,Symbiotic_specific_UP
EVM0007176,Symbiotic_specific_UP
EVM0007187,Symbiotic_specific_UP
EVM0007198,NonSymbiotic_specific_DOWN
EVM0007241,Symbiotic_specific_UP
EVM0007261,Symbiotic_specific_UP
EVM0007300,Symbiotic_specific_UP
EVM0007337,Symbiotic_specific_UP
EVM0007344,Symbiotic_specific_UP
EVM0007365,Symbiotic_specific_UP
EVM0007379,Symbiotic_specific_UP
EVM0007385,Symbiotic_specific_UP
EVM0007396,NonSymbiotic_specific_DOWN
EVM0007398,Symbiotic_specific_UP
EVM0007399,Symbiotic_specific_UP
EVM0007405,Symbiotic_specific_UP
EVM0007440,Symbiotic_specific_UP
EVM0007458,NonSymbiotic_specific_DOWN
EVM0007476,Symbiotic_specific_UP
EVM0007478,Symbiotic_specific_UP
EVM0007480,Symbiotic_specific_UP
EVM0007483,NonSymbiotic_specific_DOWN
EVM0007509,Symbiotic_specific_UP
EVM0007516,Symbiotic_specific_UP
EVM0007524,Symbiotic_specific_UP
EVM0007528,Symbiotic_specific_UP
EVM0007539,Symbiotic_specific_UP
EVM0007546,Symbiotic_specific_UP
EVM0007559,Symbiotic_specific_UP
EVM0007570,Symbiotic_specific_UP
EVM0007603,Symbiotic_specific_UP
EVM0007626,Symbiotic_specific_UP
EVM0007648,Symbiotic_specific_UP
EVM0007655,Symbiotic_specific_UP
EVM0007659,Symbiotic_specific_UP
EVM0007717,Symbiotic_specific_UP
EVM0007759,Symbiotic_specific_UP
EVM0007768,Symbiotic_specific_UP
EVM0007806,NonSymbiotic_specific_DOWN
EVM0007812,Symbiotic_specific_UP
EVM0007828,Symbiotic_specific_UP
EVM0007838,Symbiotic_specific_UP
EVM0007842,Symbiotic_specific_UP
EVM0007904,Symbiotic_specific_UP
EVM0007915,Symbiotic_specific_UP
EVM0007924,Symbiotic_specific_UP
EVM0007928,Symbiotic_specific_UP
EVM0007941,Symbiotic_specific_UP
EVM0007969,Symbiotic_specific_UP
EVM0007975,Symbiotic_specific_UP
EVM0008009,NonSymbiotic_specific_DOWN
EVM0008010,Symbiotic_specific_UP
EVM0008027,Symbiotic_specific_UP
EVM0008046,Symbiotic_specific_UP
EVM0008047,Symbiotic_specific_UP
EVM0008062,Symbiotic_specific_UP
EVM0008092,Symbiotic_specific_UP
EVM0008102,Symbiotic_specific_UP
EVM0008116,NonSymbiotic_specific_DOWN
EVM0008120,Symbiotic_specific_UP
EVM0008142,NonSymbiotic_specific_DOWN
EVM0008146,Symbiotic_specific_UP
EVM0008147,NonSymbiotic_specific_DOWN
EVM0008193,Symbiotic_specific_UP
EVM0008215,NonSymbiotic_specific_DOWN
EVM0008245,Symbiotic_specific_UP
EVM0008262,NonSymbiotic_specific_DOWN
EVM0008266,Symbiotic_specific_UP
EVM0008279,Symbiotic_specific_UP
EVM0008313,Symbiotic_specific_UP
EVM0008358,Symbiotic_specific_UP
EVM0008408,NonSymbiotic_specific_DOWN
EVM0008423,Symbiotic_specific_UP
EVM0008439,Symbiotic_specific_UP
EVM0008480,Symbiotic_specific_UP
EVM0008511,Symbiotic_specific_UP
EVM0008570,Symbiotic_specific_UP
EVM0008612,Symbiotic_specific_UP
EVM0008624,Symbiotic_specific_UP
EVM0008665,NonSymbiotic_specific_DOWN
EVM0008682,Symbiotic_specific_UP
EVM0008832,Symbiotic_specific_UP
EVM0008857,Symbiotic_specific_UP
EVM0008871,Symbiotic_specific_UP
EVM0008877,Symbiotic_specific_UP
EVM0008883,Symbiotic_specific_UP
EVM0008952,Symbiotic_specific_UP
EVM0008965,Symbiotic_specific_UP
EVM0008979,Symbiotic_specific_UP
EVM0008991,Symbiotic_specific_UP
EVM0009016,NonSymbiotic_specific_DOWN
EVM0009027,Symbiotic_specific_UP
EVM0009050,Symbiotic_specific_UP
EVM0009052,Symbiotic_specific_UP
EVM0009063,Symbiotic_specific_UP
EVM0009085,Symbiotic_specific_UP
EVM0009091,Symbiotic_specific_UP
EVM0009110,Symbiotic_specific_UP
EVM0009153,Symbiotic_specific_UP
EVM0009190,NonSymbiotic_specific_DOWN
EVM0009194,NonSymbiotic_specific_DOWN
EVM0009243,Symbiotic_specific_UP
EVM0009246,Symbiotic_specific_UP
EVM0009261,Symbiotic_specific_UP
EVM0009262,NonSymbiotic_specific_DOWN
EVM0009331,Symbiotic_specific_UP
EVM0009461,Symbiotic_specific_UP
EVM0009473,Symbiotic_specific_UP
EVM0009478,Symbiotic_specific_UP
EVM0009495,Symbiotic_specific_UP
EVM0009518,NonSymbiotic_specific_DOWN
EVM0009574,Symbiotic_specific_UP
EVM0009596,NonSymbiotic_specific_DOWN
EVM0009625,NonSymbiotic_specific_DOWN
EVM0009645,Symbiotic_specific_UP
EVM0009653,Symbiotic_specific_UP
EVM0009671,Symbiotic_specific_UP
EVM0009676,Symbiotic_specific_UP
EVM0009714,NonSymbiotic_specific_DOWN
EVM0009737,Symbiotic_specific_UP
EVM0009825,Symbiotic_specific_UP
EVM0009837,Symbiotic_specific_UP
EVM0009847,Symbiotic_specific_UP
EVM0009852,Symbiotic_specific_UP
EVM0009911,Symbiotic_specific_UP
EVM0009931,Symbiotic_specific_UP
EVM0009966,Symbiotic_specific_UP
EVM0009971,Symbiotic_specific_UP
EVM0009978,Symbiotic_specific_UP
EVM0009979,NonSymbiotic_specific_DOWN
EVM0010015,Symbiotic_specific_UP
EVM0010017,Symbiotic_specific_UP
EVM0010066,Symbiotic_specific_UP
EVM0010067,Symbiotic_specific_UP
EVM0010081,Symbiotic_specific_UP
EVM0010114,Symbiotic_specific_UP
EVM0010131,Symbiotic_specific_UP
EVM0010132,NonSymbiotic_specific_DOWN
EVM0010209,Symbiotic_specific_UP
EVM0010212,NonSymbiotic_specific_DOWN
EVM0010219,Symbiotic_specific_UP
EVM0010221,Symbiotic_specific_UP
EVM0010229,Symbiotic_specific_UP
EVM0010231,Symbiotic_specific_UP
EVM0010281,Symbiotic_specific_UP
EVM0010287,Symbiotic_specific_UP
EVM0010315,Symbiotic_specific_UP
EVM0010317,NonSymbiotic_specific_DOWN
EVM0010338,Symbiotic_specific_UP
EVM0010345,Symbiotic_specific_UP
EVM0010347,Symbiotic_specific_UP
EVM0010348,NonSymbiotic_specific_DOWN
EVM0010367,NonSymbiotic_specific_DOWN
EVM0010381,Symbiotic_specific_UP
EVM0010401,Symbiotic_specific_UP
EVM0010402,Symbiotic_specific_UP
EVM0010407,Symbiotic_specific_UP
EVM0010418,Symbiotic_specific_UP
EVM0010443,Symbiotic_specific_UP
EVM0010445,Symbiotic_specific_UP
EVM0010449,Symbiotic_specific_UP
EVM0010509,Symbiotic_specific_UP
EVM0010513,Symbiotic_specific_UP
EVM0010519,NonSymbiotic_specific_DOWN
EVM0010550,Symbiotic_specific_UP
EVM0010563,Symbiotic_specific_UP
EVM0010601,NonSymbiotic_specific_DOWN
EVM0010613,Symbiotic_specific_UP
EVM0010644,Symbiotic_specific_UP
EVM0010655,Symbiotic_specific_UP
EVM0010665,Symbiotic_specific_UP
EVM0010727,Symbiotic_specific_UP
EVM0010733,Symbiotic_specific_UP
EVM0010747,Symbiotic_specific_UP
EVM0010751,Symbiotic_specific_UP
EVM0010753,Symbiotic_specific_UP
EVM0010776,Symbiotic_specific_UP
EVM0010796,Symbiotic_specific_UP
EVM0010819,Symbiotic_specific_UP
EVM0010822,Symbiotic_specific_UP
EVM0010837,NonSymbiotic_specific_DOWN
EVM0010859,Symbiotic_specific_UP
EVM0010897,Symbiotic_specific_UP
EVM0010899,Symbiotic_specific_UP
EVM0010907,Symbiotic_specific_UP
EVM0010945,Symbiotic_specific_UP
EVM0010953,Symbiotic_specific_UP
EVM0011019,Symbiotic_specific_UP
EVM0011024,Symbiotic_specific_UP
EVM0011028,Symbiotic_specific_UP
EVM0011070,Symbiotic_specific_UP
EVM0011104,Symbiotic_specific_UP
EVM0011140,Symbiotic_specific_UP
EVM0011146,Symbiotic_specific_UP
EVM0011178,Symbiotic_specific_UP
EVM0011227,Symbiotic_specific_UP
EVM0011254,Symbiotic_specific_UP
EVM0011292,Symbiotic_specific_UP
EVM0011299,Symbiotic_specific_UP
EVM0011300,NonSymbiotic_specific_DOWN
EVM0011330,NonSymbiotic_specific_DOWN
EVM0011351,Symbiotic_specific_UP
EVM0011360,Symbiotic_specific_UP
EVM0011382,Symbiotic_specific_UP
EVM0011397,Symbiotic_specific_UP
EVM0011416,Symbiotic_specific_UP
EVM0011436,Symbiotic_specific_UP
EVM0011456,Symbiotic_specific_UP
EVM0011471,NonSymbiotic_specific_DOWN
EVM0011486,Symbiotic_specific_UP
EVM0011505,Symbiotic_specific_UP
EVM0011531,NonSymbiotic_specific_DOWN
EVM0011596,Symbiotic_specific_UP
EVM0011624,Symbiotic_specific_UP
EVM0011627,Symbiotic_specific_UP
EVM0011629,NonSymbiotic_specific_DOWN
EVM0011643,Symbiotic_specific_UP
EVM0011703,Symbiotic_specific_UP
EVM0011707,NonSymbiotic_specific_DOWN
EVM0011791,Symbiotic_specific_UP
EVM0011801,Symbiotic_specific_UP
EVM0011813,Symbiotic_specific_UP
EVM0011839,Symbiotic_specific_UP
EVM0011896,Symbiotic_specific_UP
EVM0011920,Symbiotic_specific_UP
EVM0011924,Symbiotic_specific_UP
EVM0011939,NonSymbiotic_specific_DOWN
EVM0011947,Symbiotic_specific_UP
EVM0011953,Symbiotic_specific_UP
EVM0011955,Symbiotic_specific_UP
EVM0011974,Symbiotic_specific_UP
EVM0011988,Symbiotic_specific_UP
EVM0012013,Symbiotic_specific_UP
EVM0012018,Symbiotic_specific_UP
EVM0012086,Symbiotic_specific_UP
EVM0012143,Symbiotic_specific_UP
EVM0012151,Symbiotic_specific_UP
EVM0012158,Symbiotic_specific_UP
EVM0012163,Symbiotic_specific_UP
EVM0012173,NonSymbiotic_specific_DOWN
EVM0012175,Symbiotic_specific_UP
EVM0012177,NonSymbiotic_specific_DOWN
EVM0012199,Symbiotic_specific_UP
EVM0012221,Symbiotic_specific_UP
EVM0012256,Symbiotic_specific_UP
EVM0012300,Symbiotic_specific_UP
EVM0012325,NonSymbiotic_specific_DOWN
EVM0012343,Symbiotic_specific_UP
EVM0012363,Symbiotic_specific_UP
EVM0012424,Symbiotic_specific_UP
EVM0012450,NonSymbiotic_specific_DOWN
EVM0012472,Symbiotic_specific_UP
EVM0012478,Symbiotic_specific_UP
EVM0012519,Symbiotic_specific_UP
EVM0012527,Symbiotic_specific_UP
EVM0012540,Symbiotic_specific_UP
EVM0012545,Symbiotic_specific_UP
EVM0012563,Symbiotic_specific_UP
EVM0012606,NonSymbiotic_specific_DOWN
EVM0012609,NonSymbiotic_specific_DOWN
EVM0012629,Symbiotic_specific_UP
EVM0012658,Symbiotic_specific_UP
EVM0012659,Symbiotic_specific_UP
EVM0012663,Symbiotic_specific_UP
EVM0012675,Symbiotic_specific_UP
EVM0012679,Symbiotic_specific_UP
EVM0012692,NonSymbiotic_specific_DOWN
EVM0012694,Symbiotic_specific_UP
EVM0012699,Symbiotic_specific_UP
EVM0012751,Symbiotic_specific_UP
EVM0012752,Symbiotic_specific_UP
EVM0012754,Symbiotic_specific_UP
EVM0012760,Symbiotic_specific_UP
EVM0012772,Symbiotic_specific_UP
EVM0012773,NonSymbiotic_specific_DOWN
EVM0012813,NonSymbiotic_specific_DOWN
EVM0012844,NonSymbiotic_specific_DOWN
EVM0012872,NonSymbiotic_specific_DOWN
EVM0012940,Symbiotic_specific_UP
EVM0012948,NonSymbiotic_specific_DOWN
EVM0012991,NonSymbiotic_specific_DOWN
EVM0013042,Symbiotic_specific_UP
EVM0013059,Symbiotic_specific_UP
EVM0013072,Symbiotic_specific_UP
EVM0013096,Symbiotic_specific_UP
EVM0013107,Symbiotic_specific_UP
EVM0013131,Symbiotic_specific_UP
EVM0013144,Symbiotic_specific_UP
EVM0013153,Symbiotic_specific_UP
EVM0013177,Symbiotic_specific_UP
EVM0013208,Symbiotic_specific_UP
EVM0013276,NonSymbiotic_specific_DOWN
EVM0013292,Symbiotic_specific_UP
EVM0013299,Symbiotic_specific_UP
EVM0013305,Symbiotic_specific_UP
EVM0013336,NonSymbiotic_specific_DOWN
EVM0013351,NonSymbiotic_specific_DOWN
EVM0013396,NonSymbiotic_specific_DOWN
EVM0013410,Symbiotic_specific_UP
EVM0013421,Symbiotic_specific_UP
EVM0013426,Symbiotic_specific_UP
EVM0013465,NonSymbiotic_specific_DOWN
EVM0013467,Symbiotic_specific_UP
EVM0013477,Symbiotic_specific_UP
EVM0013479,Symbiotic_specific_UP
EVM0013492,Symbiotic_specific_UP
EVM0013520,Symbiotic_specific_UP
EVM0013522,Symbiotic_specific_UP
EVM0013535,NonSymbiotic_specific_DOWN
EVM0013539,Symbiotic_specific_UP
EVM0013629,NonSymbiotic_specific_DOWN
EVM0013635,Symbiotic_specific_UP
EVM0013651,NonSymbiotic_specific_DOWN
EVM0013696,NonSymbiotic_specific_DOWN
EVM0013766,Symbiotic_specific_UP
EVM0013772,Symbiotic_specific_UP
EVM0013809,Symbiotic_specific_UP
EVM0013825,Symbiotic_specific_UP
EVM0013863,NonSymbiotic_specific_DOWN
EVM0013903,Symbiotic_specific_UP
EVM0013938,Symbiotic_specific_UP
EVM0013951,Symbiotic_specific_UP
EVM0013974,Symbiotic_specific_UP
EVM0014002,Symbiotic_specific_UP
EVM0014026,NonSymbiotic_specific_DOWN
EVM0014037,Symbiotic_specific_UP
EVM0014038,NonSymbiotic_specific_DOWN
EVM0014047,Symbiotic_specific_UP
EVM0014111,Symbiotic_specific_UP
EVM0014113,Symbiotic_specific_UP
EVM0014115,Symbiotic_specific_UP
EVM0014121,Symbiotic_specific_UP
EVM0014150,Symbiotic_specific_UP
EVM0014182,Symbiotic_specific_UP
EVM0014203,Symbiotic_specific_UP
EVM0014217,Symbiotic_specific_UP
EVM0014219,Symbiotic_specific_UP
EVM0014236,Symbiotic_specific_UP
EVM0014247,Symbiotic_specific_UP
EVM0014278,Symbiotic_specific_UP
EVM0014286,Symbiotic_specific_UP
EVM0014364,Symbiotic_specific_UP
EVM0014369,Symbiotic_specific_UP
EVM0014378,Symbiotic_specific_UP
EVM0014385,Symbiotic_specific_UP
EVM0014387,Symbiotic_specific_UP
EVM0014390,NonSymbiotic_specific_DOWN
EVM0014441,Symbiotic_specific_UP
EVM0014443,Symbiotic_specific_UP
EVM0014486,NonSymbiotic_specific_DOWN
EVM0014506,Symbiotic_specific_UP
EVM0014530,NonSymbiotic_specific_DOWN
EVM0014535,Symbiotic_specific_UP
EVM0014547,NonSymbiotic_specific_DOWN
EVM0014571,Symbiotic_specific_UP
EVM0014613,Symbiotic_specific_UP
EVM0014640,Symbiotic_specific_UP
EVM0014699,NonSymbiotic_specific_DOWN
EVM0014746,Symbiotic_specific_UP
EVM0014800,Symbiotic_specific_UP
EVM0014820,Symbiotic_specific_UP
EVM0014832,Symbiotic_specific_UP
EVM0014847,Symbiotic_specific_UP
EVM0014887,Symbiotic_specific_UP
EVM0014915,Symbiotic_specific_UP
EVM0014948,Symbiotic_specific_UP
EVM0014977,Symbiotic_specific_UP
EVM0014982,Symbiotic_specific_UP
EVM0014983,Symbiotic_specific_UP
EVM0015076,Symbiotic_specific_UP
EVM0015078,Symbiotic_specific_UP
EVM0015081,Symbiotic_specific_UP
EVM0015096,Symbiotic_specific_UP
EVM0015109,Symbiotic_specific_UP
EVM0015160,Symbiotic_specific_UP
EVM0015183,Symbiotic_specific_UP
EVM0015197,Symbiotic_specific_UP
EVM0015206,Symbiotic_specific_UP
EVM0015218,Symbiotic_specific_UP
EVM0015255,NonSymbiotic_specific_DOWN
EVM0015280,Symbiotic_specific_UP
EVM0015283,Symbiotic_specific_UP
EVM0015359,Symbiotic_specific_UP
EVM0015392,Symbiotic_specific_UP
EVM0015457,NonSymbiotic_specific_DOWN
EVM0015463,Symbiotic_specific_UP
EVM0015511,Symbiotic_specific_UP
EVM0015521,Symbiotic_specific_UP
EVM0015551,Symbiotic_specific_UP
EVM0015599,NonSymbiotic_specific_DOWN
EVM0015604,Symbiotic_specific_UP
EVM0015609,Symbiotic_specific_UP
EVM0015651,Symbiotic_specific_UP
EVM0015695,Symbiotic_specific_UP
EVM0015706,NonSymbiotic_specific_DOWN
EVM0015708,Symbiotic_specific_UP
EVM0015804,NonSymbiotic_specific_DOWN
EVM0015849,Symbiotic_specific_UP
EVM0015866,Symbiotic_specific_UP
EVM0015867,Symbiotic_specific_UP
EVM0015881,Symbiotic_specific_UP
EVM0015886,Symbiotic_specific_UP
EVM0015896,Symbiotic_specific_UP
EVM0015901,Symbiotic_specific_UP
EVM0015908,NonSymbiotic_specific_DOWN
EVM0015948,Symbiotic_specific_UP
EVM0015956,Symbiotic_specific_UP
EVM0015971,Symbiotic_specific_UP
EVM0016008,NonSymbiotic_specific_DOWN
EVM0016019,Symbiotic_specific_UP
EVM0016130,Symbiotic_specific_UP
EVM0016165,Symbiotic_specific_UP
EVM0016176,Symbiotic_specific_UP
EVM0016234,Symbiotic_specific_UP
EVM0016260,NonSymbiotic_specific_DOWN
EVM0016275,Symbiotic_specific_UP
EVM0016306,Symbiotic_specific_UP
EVM0016328,Symbiotic_specific_UP
EVM0016356,NonSymbiotic_specific_DOWN
EVM0016386,Symbiotic_specific_UP
EVM0016402,Symbiotic_specific_UP
EVM0016414,Symbiotic_specific_UP
EVM0016415,NonSymbiotic_specific_DOWN
EVM0016427,NonSymbiotic_specific_DOWN
EVM0016476,Symbiotic_specific_UP
EVM0016492,Symbiotic_specific_UP
EVM0016514,Symbiotic_specific_UP
EVM0016540,Symbiotic_specific_UP
EVM0016541,Symbiotic_specific_UP
EVM0016563,NonSymbiotic_specific_DOWN
EVM0016595,Symbiotic_specific_UP
EVM0016651,Symbiotic_specific_UP
EVM0016656,Symbiotic_specific_UP
EVM0016673,Symbiotic_specific_UP
EVM0016680,Symbiotic_specific_UP
EVM0016704,Symbiotic_specific_UP
EVM0016721,Symbiotic_specific_UP
EVM0016743,Symbiotic_specific_UP
EVM0016748,Symbiotic_specific_UP
EVM0016767,Symbiotic_specific_UP
EVM0016845,NonSymbiotic_specific_DOWN
EVM0016849,Symbiotic_specific_UP
EVM0016850,NonSymbiotic_specific_DOWN
EVM0016880,Symbiotic_specific_UP
EVM0016909,NonSymbiotic_specific_DOWN
EVM0016936,NonSymbiotic_specific_DOWN
EVM0016956,Symbiotic_specific_UP
EVM0016989,Symbiotic_specific_UP
EVM0017024,Symbiotic_specific_UP
EVM0017042,NonSymbiotic_specific_DOWN
EVM0017065,Symbiotic_specific_UP
EVM0017087,Symbiotic_specific_UP
EVM0017117,NonSymbiotic_specific_DOWN
EVM0017179,Symbiotic_specific_UP
EVM0017195,Symbiotic_specific_UP
EVM0017222,Symbiotic_specific_UP
EVM0017227,Symbiotic_specific_UP
EVM0017247,Symbiotic_specific_UP
EVM0017249,Symbiotic_specific_UP
EVM0017252,Symbiotic_specific_UP
EVM0017270,NonSymbiotic_specific_DOWN
EVM0017276,Symbiotic_specific_UP
EVM0017284,Symbiotic_specific_UP
EVM0017285,Symbiotic_specific_UP
EVM0017289,Symbiotic_specific_UP
EVM0017308,Symbiotic_specific_UP
EVM0017337,Symbiotic_specific_UP
EVM0017355,NonSymbiotic_specific_DOWN
EVM0017375,Symbiotic_specific_UP
EVM0017399,Symbiotic_specific_UP
EVM0017402,NonSymbiotic_specific_DOWN
EVM0017405,NonSymbiotic_specific_DOWN
EVM0017407,Symbiotic_specific_UP
EVM0017417,Symbiotic_specific_UP
EVM0017434,Symbiotic_specific_UP
EVM0017458,Symbiotic_specific_UP
EVM0017494,Symbiotic_specific_UP
EVM0017506,Symbiotic_specific_UP
EVM0017568,Symbiotic_specific_UP
EVM0017619,Symbiotic_specific_UP
EVM0017639,Symbiotic_specific_UP
EVM0017670,NonSymbiotic_specific_DOWN
EVM0017709,Symbiotic_specific_UP
EVM0017720,NonSymbiotic_specific_DOWN
EVM0017772,Symbiotic_specific_UP
EVM0017782,Symbiotic_specific_UP
EVM0017796,Symbiotic_specific_UP
EVM0017797,Symbiotic_specific_UP
EVM0017807,Symbiotic_specific_UP
EVM0017834,Symbiotic_specific_UP
EVM0017842,Symbiotic_specific_UP
EVM0017852,Symbiotic_specific_UP
EVM0017904,Symbiotic_specific_UP
EVM0017930,Symbiotic_specific_UP
EVM0017957,Symbiotic_specific_UP
EVM0017968,NonSymbiotic_specific_DOWN
EVM0017978,Symbiotic_specific_UP
EVM0017991,Symbiotic_specific_UP
EVM0018002,Symbiotic_specific_UP
EVM0018050,Symbiotic_specific_UP
EVM0018072,NonSymbiotic_specific_DOWN
EVM0018089,Symbiotic_specific_UP
EVM0018100,Symbiotic_specific_UP
EVM0018123,Symbiotic_specific_UP
EVM0018149,Symbiotic_specific_UP
EVM0018158,NonSymbiotic_specific_DOWN
EVM0018164,Symbiotic_specific_UP
EVM0018181,Symbiotic_specific_UP
EVM0018186,Symbiotic_specific_UP
EVM0018199,NonSymbiotic_specific_DOWN
EVM0018204,Symbiotic_specific_UP
EVM0018232,Symbiotic_specific_UP
EVM0018262,Symbiotic_specific_UP
EVM0018295,Symbiotic_specific_UP
EVM0018342,Symbiotic_specific_UP
EVM0018350,Symbiotic_specific_UP
EVM0018376,Symbiotic_specific_UP
EVM0018377,Symbiotic_specific_UP
EVM0018398,Symbiotic_specific_UP
EVM0018402,Symbiotic_specific_UP
EVM0018408,Symbiotic_specific_UP
EVM0018418,Symbiotic_specific_UP
EVM0018454,Symbiotic_specific_UP
EVM0018468,Symbiotic_specific_UP
EVM0018476,Symbiotic_specific_UP
EVM0018488,Symbiotic_specific_UP
EVM0018562,Symbiotic_specific_UP
EVM0018567,Symbiotic_specific_UP
EVM0018569,NonSymbiotic_specific_DOWN
EVM0018584,NonSymbiotic_specific_DOWN
EVM0018593,NonSymbiotic_specific_DOWN
EVM0018596,Symbiotic_specific_UP
EVM0018601,NonSymbiotic_specific_DOWN
EVM0018608,Symbiotic_specific_UP
EVM0018642,Symbiotic_specific_UP
EVM0018701,NonSymbiotic_specific_DOWN
EVM0018715,Symbiotic_specific_UP
EVM0018720,NonSymbiotic_specific_DOWN
EVM0018735,NonSymbiotic_specific_DOWN
EVM0018737,Symbiotic_specific_UP
EVM0018745,NonSymbiotic_specific_DOWN
EVM0018775,Symbiotic_specific_UP
EVM0018791,Symbiotic_specific_UP
EVM0018793,Symbiotic_specific_UP
EVM0018794,Symbiotic_specific_UP
EVM0018796,Symbiotic_specific_UP
EVM0018813,Symbiotic_specific_UP
EVM0018862,Symbiotic_specific_UP
EVM0018881,NonSymbiotic_specific_DOWN
EVM0018896,Symbiotic_specific_UP
EVM0018898,Symbiotic_specific_UP
EVM0018912,Symbiotic_specific_UP
EVM0018932,Symbiotic_specific_UP
EVM0018946,Symbiotic_specific_UP
EVM0018987,Symbiotic_specific_UP
EVM0018997,Symbiotic_specific_UP
EVM0019025,Symbiotic_specific_UP
EVM0019031,Symbiotic_specific_UP
EVM0019037,Symbiotic_specific_UP
EVM0019118,Symbiotic_specific_UP
EVM0019124,NonSymbiotic_specific_DOWN
EVM0019136,Symbiotic_specific_UP
EVM0019174,Symbiotic_specific_UP
EVM0019192,Symbiotic_specific_UP
EVM0019259,Symbiotic_specific_UP
EVM0019262,Symbiotic_specific_UP
EVM0019274,Symbiotic_specific_UP
EVM0019312,Symbiotic_specific_UP
EVM0019320,Symbiotic_specific_UP
EVM0019333,NonSymbiotic_specific_DOWN
EVM0019336,Symbiotic_specific_UP
EVM0019367,NonSymbiotic_specific_DOWN
EVM0019375,Symbiotic_specific_UP
EVM0019414,Symbiotic_specific_UP
EVM0019416,Symbiotic_specific_UP
EVM0019428,Symbiotic_specific_UP
EVM0019429,Symbiotic_specific_UP
EVM0019445,Symbiotic_specific_UP
EVM0019446,NonSymbiotic_specific_DOWN
EVM0019454,Symbiotic_specific_UP
EVM0019482,Symbiotic_specific_UP
EVM0019487,Symbiotic_specific_UP
EVM0019500,NonSymbiotic_specific_DOWN
EVM0019503,Symbiotic_specific_UP
EVM0019518,Symbiotic_specific_UP
EVM0019519,NonSymbiotic_specific_DOWN
EVM0019661,Symbiotic_specific_UP
EVM0019672,Symbiotic_specific_UP
EVM0019676,Symbiotic_specific_UP
EVM0019692,Symbiotic_specific_UP
EVM0019704,Symbiotic_specific_UP
EVM0019705,Symbiotic_specific_UP
EVM0019773,Symbiotic_specific_UP
EVM0019777,Symbiotic_specific_UP
EVM0019784,Symbiotic_specific_UP
EVM0019787,Symbiotic_specific_UP
EVM0019815,Symbiotic_specific_UP
EVM0019832,Symbiotic_specific_UP
EVM0019838,Symbiotic_specific_UP
EVM0019842,NonSymbiotic_specific_DOWN
EVM0019849,Symbiotic_specific_UP
EVM0019854,Symbiotic_specific_UP
EVM0019916,Symbiotic_specific_UP
EVM0019934,Symbiotic_specific_UP
EVM0019935,Symbiotic_specific_UP
EVM0019954,Symbiotic_specific_UP
EVM0019969,NonSymbiotic_specific_DOWN
EVM0019974,Symbiotic_specific_UP
EVM0019988,NonSymbiotic_specific_DOWN
EVM0020002,Symbiotic_specific_UP
EVM0020046,NonSymbiotic_specific_DOWN
EVM0020050,Symbiotic_specific_UP
EVM0020068,Symbiotic_specific_UP
EVM0020075,Symbiotic_specific_UP
EVM0020094,NonSymbiotic_specific_DOWN
EVM0020112,Symbiotic_specific_UP
EVM0020119,NonSymbiotic_specific_DOWN
EVM0020124,Symbiotic_specific_UP
EVM0020154,Symbiotic_specific_UP
EVM0020155,Symbiotic_specific_UP
EVM0020165,NonSymbiotic_specific_DOWN
EVM0020183,Symbiotic_specific_UP
EVM0020203,Symbiotic_specific_UP
EVM0020288,Symbiotic_specific_UP
EVM0020296,Symbiotic_specific_UP
EVM0020298,Symbiotic_specific_UP
EVM0020301,Symbiotic_specific_UP
EVM0020328,Symbiotic_specific_UP
EVM0020331,Symbiotic_specific_UP
EVM0020336,Symbiotic_specific_UP
EVM0020375,Symbiotic_specific_UP
EVM0020409,Symbiotic_specific_UP
EVM0020416,Symbiotic_specific_UP
EVM0020440,Symbiotic_specific_UP
EVM0020453,Symbiotic_specific_UP
EVM0020459,Symbiotic_specific_UP
EVM0020461,Symbiotic_specific_UP
EVM0020478,Symbiotic_specific_UP
EVM0020543,Symbiotic_specific_UP
EVM0020585,NonSymbiotic_specific_DOWN
EVM0020592,Symbiotic_specific_UP
EVM0020593,Symbiotic_specific_UP
EVM0020612,Symbiotic_specific_UP
EVM0020717,Symbiotic_specific_UP
EVM0020741,Symbiotic_specific_UP
EVM0020751,Symbiotic_specific_UP
EVM0020801,Symbiotic_specific_UP
EVM0020822,Symbiotic_specific_UP
EVM0020885,Symbiotic_specific_UP
EVM0020893,Symbiotic_specific_UP
EVM0020914,Symbiotic_specific_UP
EVM0020921,Symbiotic_specific_UP
EVM0020954,Symbiotic_specific_UP
EVM0020993,Symbiotic_specific_UP
EVM0021030,Symbiotic_specific_UP
EVM0021061,Symbiotic_specific_UP
EVM0021133,Symbiotic_specific_UP
EVM0021173,Symbiotic_specific_UP
EVM0021192,Symbiotic_specific_UP
EVM0021268,Symbiotic_specific_UP
EVM0021280,Symbiotic_specific_UP
EVM0021292,NonSymbiotic_specific_DOWN
EVM0021312,Symbiotic_specific_UP
EVM0021335,Symbiotic_specific_UP
EVM0021343,NonSymbiotic_specific_DOWN
EVM0021344,Symbiotic_specific_UP
EVM0021352,NonSymbiotic_specific_DOWN
EVM0021366,Symbiotic_specific_UP
EVM0021373,Symbiotic_specific_UP
EVM0021399,NonSymbiotic_specific_DOWN
EVM0021410,NonSymbiotic_specific_DOWN
EVM0021443,NonSymbiotic_specific_DOWN
EVM0021459,Symbiotic_specific_UP
EVM0021472,Symbiotic_specific_UP
EVM0021474,Symbiotic_specific_UP
EVM0021490,Symbiotic_specific_UP
EVM0021509,Symbiotic_specific_UP
EVM0021521,Symbiotic_specific_UP
EVM0021527,NonSymbiotic_specific_DOWN
EVM0021592,Symbiotic_specific_UP
EVM0021597,Symbiotic_specific_UP
EVM0021601,Symbiotic_specific_UP
EVM0021612,Symbiotic_specific_UP
EVM0021655,Symbiotic_specific_UP
EVM0021709,Symbiotic_specific_UP
EVM0021731,Symbiotic_specific_UP
EVM0021739,Symbiotic_specific_UP
EVM0021767,Symbiotic_specific_UP
EVM0021786,Symbiotic_specific_UP
EVM0021792,NonSymbiotic_specific_DOWN
EVM0021854,Symbiotic_specific_UP
EVM0021888,Symbiotic_specific_UP
EVM0021897,Symbiotic_specific_UP
EVM0021958,Symbiotic_specific_UP
EVM0021961,NonSymbiotic_specific_DOWN
EVM0021988,Symbiotic_specific_UP
EVM0022014,NonSymbiotic_specific_DOWN
EVM0022032,Symbiotic_specific_UP
EVM0022059,Symbiotic_specific_UP
EVM0022069,Symbiotic_specific_UP
EVM0022075,Symbiotic_specific_UP
EVM0022093,Symbiotic_specific_UP
EVM0022096,Symbiotic_specific_UP
EVM0022098,Symbiotic_specific_UP
EVM0022145,Symbiotic_specific_UP
EVM0022202,NonSymbiotic_specific_DOWN
EVM0022233,Symbiotic_specific_UP
EVM0022263,NonSymbiotic_specific_DOWN
EVM0022266,NonSymbiotic_specific_DOWN
EVM0022301,NonSymbiotic_specific_DOWN
EVM0022307,Symbiotic_specific_UP
EVM0022422,Symbiotic_specific_UP
EVM0022433,Symbiotic_specific_UP
EVM0022436,Symbiotic_specific_UP
EVM0022459,Symbiotic_specific_UP
EVM0022460,Symbiotic_specific_UP
EVM0022467,Symbiotic_specific_UP
EVM0022469,Symbiotic_specific_UP
EVM0022480,Symbiotic_specific_UP
EVM0022481,Symbiotic_specific_UP
EVM0022521,NonSymbiotic_specific_DOWN
EVM0022528,Symbiotic_specific_UP
EVM0022568,Symbiotic_specific_UP
EVM0022586,Symbiotic_specific_UP
EVM0022654,Symbiotic_specific_UP
EVM0022724,NonSymbiotic_specific_DOWN
EVM0022735,NonSymbiotic_specific_DOWN
EVM0022755,Symbiotic_specific_UP
EVM0022762,Symbiotic_specific_UP
EVM0022823,Symbiotic_specific_UP
EVM0022842,Symbiotic_specific_UP
EVM0022844,Symbiotic_specific_UP
EVM0022851,NonSymbiotic_specific_DOWN
EVM0022868,Symbiotic_specific_UP
EVM0022930,Symbiotic_specific_UP
EVM0022952,Symbiotic_specific_UP
EVM0022997,Symbiotic_specific_UP
EVM0022998,Symbiotic_specific_UP
EVM0023001,Symbiotic_specific_UP
EVM0023030,Symbiotic_specific_UP
EVM0023040,Symbiotic_specific_UP
EVM0023046,Symbiotic_specific_UP
EVM0023062,Symbiotic_specific_UP
EVM0023079,Symbiotic_specific_UP
EVM0023097,Symbiotic_specific_UP
EVM0023113,Symbiotic_specific_UP
EVM0023114,Symbiotic_specific_UP
EVM0023128,NonSymbiotic_specific_DOWN
EVM0023137,Symbiotic_specific_UP
EVM0023181,Symbiotic_specific_UP
EVM0023199,Symbiotic_specific_UP
EVM0023230,Symbiotic_specific_UP
EVM0023253,Symbiotic_specific_UP
EVM0023259,Symbiotic_specific_UP
EVM0023261,Symbiotic_specific_UP
EVM0023264,Symbiotic_specific_UP
EVM0023277,Symbiotic_specific_UP
EVM0023292,Symbiotic_specific_UP
EVM0023293,Symbiotic_specific_UP
EVM0023299,NonSymbiotic_specific_DOWN
EVM0023355,Symbiotic_specific_UP
EVM0023402,Symbiotic_specific_UP
EVM0023409,Symbiotic_specific_UP
EVM0023426,NonSymbiotic_specific_DOWN
EVM0023509,Symbiotic_specific_UP
EVM0023544,Symbiotic_specific_UP
EVM0023554,Symbiotic_specific_UP
EVM0023562,Symbiotic_specific_UP
EVM0023578,Symbiotic_specific_UP
EVM0023582,Symbiotic_specific_UP
EVM0023604,Symbiotic_specific_UP
EVM0023655,NonSymbiotic_specific_DOWN
EVM0023667,Symbiotic_specific_UP
EVM0023672,Symbiotic_specific_UP
EVM0023692,NonSymbiotic_specific_DOWN
EVM0023711,Symbiotic_specific_UP
EVM0023718,Symbiotic_specific_UP
EVM0023723,Symbiotic_specific_UP
EVM0023828,Symbiotic_specific_UP
EVM0023843,NonSymbiotic_specific_DOWN
EVM0023848,Symbiotic_specific_UP
EVM0023862,Symbiotic_specific_UP
EVM0023868,Symbiotic_specific_UP
EVM0023913,Symbiotic_specific_UP
EVM0023943,Symbiotic_specific_UP
EVM0023966,NonSymbiotic_specific_DOWN
EVM0023981,Symbiotic_specific_UP
EVM0024031,Symbiotic_specific_UP
EVM0024088,Symbiotic_specific_UP
EVM0024194,NonSymbiotic_specific_DOWN
EVM0024195,Symbiotic_specific_UP
EVM0024204,Symbiotic_specific_UP
EVM0024226,NonSymbiotic_specific_DOWN
EVM0024253,Symbiotic_specific_UP
EVM0024268,Symbiotic_specific_UP
EVM0024281,Symbiotic_specific_UP
EVM0024298,Symbiotic_specific_UP
EVM0024344,Symbiotic_specific_UP
EVM0024349,NonSymbiotic_specific_DOWN
EVM0024360,Symbiotic_specific_UP
EVM0024387,Symbiotic_specific_UP
EVM0024419,Symbiotic_specific_UP
EVM0024429,Symbiotic_specific_UP
EVM0024436,Symbiotic_specific_UP
EVM0024455,Symbiotic_specific_UP
EVM0024462,Symbiotic_specific_UP
EVM0024483,Symbiotic_specific_UP
EVM0024494,Symbiotic_specific_UP
EVM0024540,Symbiotic_specific_UP
EVM0024559,Symbiotic_specific_UP
EVM0024583,Symbiotic_specific_UP
EVM0024586,NonSymbiotic_specific_DOWN
EVM0024594,Symbiotic_specific_UP
EVM0024599,Symbiotic_specific_UP
EVM0024600,Symbiotic_specific_UP
EVM0024609,Symbiotic_specific_UP
EVM0024626,Symbiotic_specific_UP
EVM0024655,NonSymbiotic_specific_DOWN
EVM0024669,Symbiotic_specific_UP
EVM0024684,NonSymbiotic_specific_DOWN
EVM0024696,NonSymbiotic_specific_DOWN
EVM0024720,Symbiotic_specific_UP
EVM0024731,Symbiotic_specific_UP
EVM0024753,NonSymbiotic_specific_DOWN
EVM0024783,Symbiotic_specific_UP
EVM0024787,NonSymbiotic_specific_DOWN
EVM0024794,Symbiotic_specific_UP
EVM0024798,Symbiotic_specific_UP
EVM0024839,Symbiotic_specific_UP
EVM0024878,NonSymbiotic_specific_DOWN
EVM0024885,Symbiotic_specific_UP
EVM0024957,Symbiotic_specific_UP
EVM0024995,NonSymbiotic_specific_DOWN
EVM0024996,Symbiotic_specific_UP
EVM0025031,Symbiotic_specific_UP
EVM0025038,Symbiotic_specific_UP
EVM0025051,Symbiotic_specific_UP
EVM0025074,Symbiotic_specific_UP
EVM0025081,NonSymbiotic_specific_DOWN
EVM0025114,Symbiotic_specific_UP
EVM0025120,Symbiotic_specific_UP
EVM0025135,NonSymbiotic_specific_DOWN
EVM0025161,Symbiotic_specific_UP
EVM0025166,Symbiotic_specific_UP
EVM0025188,Symbiotic_specific_UP
EVM0025208,Symbiotic_specific_UP
EVM0025250,Symbiotic_specific_UP
EVM0025298,NonSymbiotic_specific_DOWN
EVM0025330,Symbiotic_specific_UP
EVM0025335,Symbiotic_specific_UP
EVM0025340,Symbiotic_specific_UP
EVM0025354,Symbiotic_specific_UP
EVM0025355,Symbiotic_specific_UP
EVM0025359,Symbiotic_specific_UP
EVM0025364,Symbiotic_specific_UP
EVM0025399,Symbiotic_specific_UP
EVM0025406,Symbiotic_specific_UP
EVM0025415,Symbiotic_specific_UP
EVM0025470,Symbiotic_specific_UP
EVM0025474,Symbiotic_specific_UP
EVM0025484,NonSymbiotic_specific_DOWN
EVM0025572,Symbiotic_specific_UP
EVM0025588,Symbiotic_specific_UP
EVM0025594,Symbiotic_specific_UP
EVM0025601,Symbiotic_specific_UP
EVM0025607,Symbiotic_specific_UP
EVM0025618,Symbiotic_specific_UP
EVM0025629,NonSymbiotic_specific_DOWN
EVM0025764,Symbiotic_specific_UP
EVM0025788,Symbiotic_specific_UP
EVM0025793,Symbiotic_specific_UP
EVM0025812,NonSymbiotic_specific_DOWN
EVM0025832,NonSymbiotic_specific_DOWN
EVM0025835,Symbiotic_specific_UP
EVM0025844,Symbiotic_specific_UP
EVM0025876,Symbiotic_specific_UP
EVM0025925,Symbiotic_specific_UP
EVM0025940,NonSymbiotic_specific_DOWN
EVM0025946,Symbiotic_specific_UP
EVM0025955,NonSymbiotic_specific_DOWN
EVM0025957,Symbiotic_specific_UP
EVM0025964,Symbiotic_specific_UP
EVM0026014,Symbiotic_specific_UP
EVM0026069,Symbiotic_specific_UP
EVM0026078,Symbiotic_specific_UP
EVM0026087,Symbiotic_specific_UP
EVM0026096,Symbiotic_specific_UP
EVM0026099,Symbiotic_specific_UP
EVM0026100,Symbiotic_specific_UP
EVM0026112,Symbiotic_specific_UP
EVM0026169,Symbiotic_specific_UP
EVM0026183,Symbiotic_specific_UP
EVM0026201,NonSymbiotic_specific_DOWN
EVM0026245,Symbiotic_specific_UP
EVM0026300,Symbiotic_specific_UP
EVM0026310,NonSymbiotic_specific_DOWN
EVM0026378,Symbiotic_specific_UP
EVM0026384,NonSymbiotic_specific_DOWN
EVM0026387,Symbiotic_specific_UP
EVM0026415,Symbiotic_specific_UP
EVM0026417,Symbiotic_specific_UP
EVM0026419,Symbiotic_specific_UP
EVM0026423,Symbiotic_specific_UP
EVM0026427,Symbiotic_specific_UP
EVM0026489,Symbiotic_specific_UP
EVM0026499,Symbiotic_specific_UP
EVM0026510,Symbiotic_specific_UP
EVM0026528,NonSymbiotic_specific_DOWN
EVM0026584,Symbiotic_specific_UP
EVM0026585,NonSymbiotic_specific_DOWN
EVM0026610,Symbiotic_specific_UP
EVM0026667,NonSymbiotic_specific_DOWN
EVM0026693,Symbiotic_specific_UP
EVM0026720,Symbiotic_specific_UP
EVM0026737,Symbiotic_specific_UP
EVM0026740,Symbiotic_specific_UP
EVM0026814,Symbiotic_specific_UP
EVM0026820,Symbiotic_specific_UP
EVM0026832,Symbiotic_specific_UP
EVM0026865,NonSymbiotic_specific_DOWN
EVM0026874,Symbiotic_specific_UP
EVM0026876,NonSymbiotic_specific_DOWN
EVM0027014,Symbiotic_specific_UP
EVM0027017,Symbiotic_specific_UP
EVM0027025,Symbiotic_specific_UP
EVM0027035,Symbiotic_specific_UP
EVM0027096,Symbiotic_specific_UP
EVM0027116,NonSymbiotic_specific_DOWN
EVM0027126,Symbiotic_specific_UP
EVM0027132,Symbiotic_specific_UP
EVM0027136,Symbiotic_specific_UP
EVM0027165,Symbiotic_specific_UP
EVM0027209,Symbiotic_specific_UP
EVM0027211,Symbiotic_specific_UP
EVM0027217,Symbiotic_specific_UP
EVM0027247,NonSymbiotic_specific_DOWN
EVM0027253,Symbiotic_specific_UP
EVM0027269,NonSymbiotic_specific_DOWN
EVM0027276,Symbiotic_specific_UP
EVM0027302,Symbiotic_specific_UP
EVM0027306,NonSymbiotic_specific_DOWN
EVM0027367,Symbiotic_specific_UP
EVM0027404,Symbiotic_specific_UP
EVM0027450,Symbiotic_specific_UP
EVM0027494,Symbiotic_specific_UP
EVM0027576,Symbiotic_specific_UP
EVM0027614,Symbiotic_specific_UP
EVM0027624,Symbiotic_specific_UP
EVM0027626,Symbiotic_specific_UP
EVM0027640,NonSymbiotic_specific_DOWN
EVM0027641,Symbiotic_specific_UP
EVM0027650,Symbiotic_specific_UP
EVM0027665,Symbiotic_specific_UP
EVM0027671,Symbiotic_specific_UP
EVM0027683,Symbiotic_specific_UP
EVM0027736,Symbiotic_specific_UP
EVM0027766,NonSymbiotic_specific_DOWN
EVM0027767,NonSymbiotic_specific_DOWN
EVM0027855,NonSymbiotic_specific_DOWN
EVM0027866,NonSymbiotic_specific_DOWN
EVM0027874,NonSymbiotic_specific_DOWN
EVM0027875,Symbiotic_specific_UP
EVM0027892,Symbiotic_specific_UP
EVM0027934,Symbiotic_specific_UP
EVM0027959,Symbiotic_specific_UP
EVM0027982,NonSymbiotic_specific_DOWN
EVM0027989,NonSymbiotic_specific_DOWN
EVM0027994,NonSymbiotic_specific_DOWN
EVM0028003,Symbiotic_specific_UP
EVM0028005,Symbiotic_specific_UP
EVM0028025,Symbiotic_specific_UP
EVM0028039,Symbiotic_specific_UP
EVM0028068,NonSymbiotic_specific_DOWN
EVM0028073,Symbiotic_specific_UP
EVM0028112,Symbiotic_specific_UP
EVM0028141,Symbiotic_specific_UP
EVM0028153,Symbiotic_specific_UP
EVM0028164,NonSymbiotic_specific_DOWN
EVM0028182,Symbiotic_specific_UP
EVM0028203,NonSymbiotic_specific_DOWN
EVM0028210,NonSymbiotic_specific_DOWN
EVM0028264,Symbiotic_specific_UP
